0,Imagen,Nombre,Desc (ES),Desc (EN),Count,Points,Points A,Points B,Points C,Points D,Points E
1,,Appligi,"Appligi es un pequeño monstruo azul clarito con tres ojazos curiosos que siempre observa todo. Es tímido, dulce y vive enamorado de las manzanas. Puede pasarse horas oliéndolas, ordenándolas y eligiendo su favorita. Aunque es pequeñín, tiene un corazón enorme y siempre quiere compartir su fruta, incluso cuando es su última. Le encanta esconder manzanas en lugares insólitos, lo que a veces causa caos adorable.","Appligi is a small, light blue monster with three curious eyes that always observes everything. He's shy, sweet, and completely in love with apples. He can spend hours smelling them, arranging them, and choosing his favorite. Although he's tiny, he has a huge heart and always wants to share his fruit, even when it's his last. He loves hiding apples in unusual places, which sometimes causes adorable chaos.",408,1,,,1,,
2,,Appligore,"Appligore es la versión grande, redonda y glotona de Appligi. Aunque parece feroz por su tamaño, es más bien un peluche comilón que no puede resistirse a ninguna manzana. Siempre tiene varias a su alrededor y casi siempre está comiendo dos al mismo tiempo. Se sienta feliz en el suelo y rueda sin querer cuando intenta levantarse. A pesar de ser torpe, es muy cariñoso y protege a sus amigos con abrazos gigantes. Cuando ríe, todo su cuerpo tiembla como una gelatina monstruosa llena de buen humor.","Appligore is the big, round, and gluttonous version of Appligi. Although he looks fierce because of his size, he's more of a gluttonous plushie who can't resist any apple. He always has several around him and is almost always eating two at the same time. He sits happily on the floor and accidentally rolls over when he tries to get up. Despite being clumsy, he's very affectionate and protects his friends with giant hugs. When he laughs, his whole body jiggles like a monstrous, joyful jelly.",494,3,,,3,,
3,,Batli,"Batli es un monstruito amarillo al que le encanta vivir boca abajo. Dice que así el mundo se ve más divertido. Sus alas rosadas no sirven para volar muy alto, pero sí para hacer piruetas rarísimas que confunden a todos. Es juguetón, ruidoso y siempre está riéndose de cosas que sólo él entiende. Le gusta colgarse de cualquier sitio: ramas, estanterías, puertas, incluso amigos despistados.","Batli is a little yellow monster who loves living upside down. He says the world looks more fun that way. His pink wings aren't great for flying very high, but they are perfect for doing the strangest flips that confuse everyone. He's playful, noisy, and always laughing at things only he understands. He likes to hang from anything: branches, shelves, doors, even unsuspecting friends.",386,1,2,,,,
4,,Batinu,"Este pequeño bichito amarillo es puro nervio aéreo. A diferencia de su evolución, Batinu vuela 'al derecho' (con la panza hacia abajo), 
batiendo sus alas rosadas a una velocidad vertiginosa. El problema es que es tan hiperactivo que no sabe volar despacio: 
zumba de un lado a otro en líneas rectas y quiebros bruscos, como una mosca atrapada en una habitación.","This little yellow critter is pure aerial energy. Unlike its evolution, Batinu flies 'right-side up' (belly down), flapping its pink wings at a dizzying speed. The problem is that it is so hyperactive it doesn't know how to fly slowly: it zips back and forth in straight lines and sharp turns, like a fly trapped in a room.",323,2,3,,,,
5,,Flyffu,"Flyffu es un monstruito azul pequeñito y curioso que nunca se cansa de explorar. Con su gran ojo travieso y sus manitas rosadas, siempre está saludando a todo el mundo, incluso a las cosas que no son personas. Le encantan los sonidos brillantes, los chistes tontos y las carreras cortitas donde siempre llega el último pero festeja como si hubiera ganado. Su antenita-ojo se mueve cuando está emocionado, y casi siempre lo está. Flyffu es puro entusiasmo, alegría contagiosa y energía adorable sin control.","Flyffu is a tiny, curious blue monster who never tires of exploring. With his big, mischievous eye and pink hands, he's always greeting everyone, even things that aren't people. He loves bright sounds, silly jokes, and short races where he always comes in last but celebrates as if he's won. His antenna-eye twitches when he's excited, and he's almost always excited. Flyffu is pure enthusiasm, contagious joy, and adorable, boundless energy.",442,2,,,,,2
6,,Fluffy,"Fluffy es la evolución más grande, esponjosa y súper alegre de Flyffu. Ahora tiene dos ojos antenosos que se mueven por todas partes, lo que lo hace chocar con cosas, aunque él lo llama “bailar”. Le encanta abrazar amigos, hacer sonidos raros y contar historias que no siempre tienen sentido, pero siempre hacen reír. Fluffy es un bailarín incansable, un torbellino de color azul y rosa que convierte cualquier día aburrido en una fiesta explosiva de risas. Su sonrisa enorme ilumina todo el cuarto como una linterna monstruosa.","Fluffy is the biggest, fluffiest, and most cheerful evolution of Flyffu. He now has two antennae-like eyes that dart around, causing him to bump into things, though he calls it ""dancing."" He loves hugging friends, making silly noises, and telling stories that don't always make sense, but always get a laugh. Fluffy is a tireless dancer, a whirlwind of blue and pink who turns any dull day into an explosive party of laughter. His enormous smile lights up the whole room like a monstrous lantern.",496,4,,,,,3
7,,Hunter,Hunter es un monstruillo café con tres ojos en fila que parece haber sido diseñado por alguien que ama el caos. Sus brazos amarillos larguísimos sirven para atrapar cosas… o enredarse en ellas. Siempre tiene cara de “¿quién hizo ruido?”. Spoiler: fue él.,"Hunter is a small, brown monster with three eyes in a row who seems to have been designed by someone who loves chaos. His incredibly long, yellow arms are for grabbing things… or getting tangled up in them. He always has a “who made that noise?” look on his face. Spoiler alert: it was him.",291,2,2,,,,
8,,Ojancio,"Ojancio es un pequeño monstruo de un solo ojo que grita por absolutamente todo. Si se asusta, grita. Si está feliz, grita. Si ve una galleta, también grita. Aunque parezca muy nervioso, en realidad es muy tierno y siempre regresa a jugar. Sus manitas pequeñas tiemblan cuando está emocionado, lo cual ocurre todo el tiempo. Le encanta contar historias exageradas que él mismo interrumpe con más gritos. Ojancio es caótico, ruidoso y encantador, como un pequeño despertador monstruoso que nunca se olvida de ser divertido.","Ojancio is a little one-eyed monster who screams about absolutely everything. If he's scared, he screams. If he's happy, he screams. If he sees a cookie, he screams too. Although he seems very nervous, he's actually very sweet and always comes back to play. His little hands tremble when he's excited, which happens all the time. He loves to tell exaggerated stories that he then interrupts with more screams. Ojancio is chaotic, noisy, and charming, like a little monstrous alarm clock that never forgets to be fun.",516,1,1,,,,
9,,Ojancion,"Ojanción es la evolución de Ojancio y ahora tiene dos ojos grandotes que observan todo al mismo tiempo. Eso lo hace más valiente, pero también más chismoso, porque puede mirar dos cosas a la vez. Le encanta asustar a sus amigos con gritos teatrales y poses dramáticas. Aunque finge ser feroz, siempre termina riéndose primero. Le gusta organizar juegos, hacer travesuras y exagerar cualquier situación para que sea más emocionante.","Ojanción is the evolved form of Ojancio and now has two enormous eyes that observe everything at once. This makes him braver, but also more of a gossip, because he can look at two things at the same time. He loves to scare his friends with theatrical screams and dramatic poses. Although he pretends to be fierce, he always ends up laughing first. He likes to organize games, play pranks, and exaggerate any situation to make it more exciting.",443,2,2,,,,
10,,Ojanciclope,"Ojancíclope es la evolución final, con tres ojos gigantes que parecen verlo todo, incluso lo que aún no pasó. A veces se asusta de su propia sombra, pero luego intenta hacer amistad con ella. Es exagerado, ruidoso y muy expresivo; cada emoción la multiplica por tres. Le encanta organizar competencias locas y dramatizar cualquier pequeña sorpresa. Aunque pretende ser el más temible, siempre termina abrazando a todos.","Ojancíclope is the final evolution, with three giant eyes that seem to see everything, even what hasn't happened yet. Sometimes he's scared of his own shadow, but then he tries to befriend it. He's exaggerated, loud, and very expressive; he amplifies every emotion threefold. He loves organizing crazy competitions and dramatizing every little surprise. Although he pretends to be the most fearsome, he always ends up hugging everyone.",435,3,3,,,,
11,,Iggy,"Iggy es un cerdito monstruoso rosado, regordete y lleno de cuernitos suaves en su cuerpo. Aunque parezca rebelde, es un amor gigante que disfruta los abrazos sonoros que hacen “ploft”. Es curioso, bromista y siempre está dispuesto a ayudar, aunque a veces cause más caos que solución. Le encanta presumir su barriguita redonda y caminar orgulloso con paso firme. Es muy expresivo y siempre está sonriendo. Iggy es el compañero perfecto para cualquier aventura divertida y llena de travesuras amistosas.","Iggy is a monstrous pink pig, chubby and covered in soft little horns. Although he may seem rebellious, he's a giant of a sweetheart who loves loud ""ploft"" hugs. He's curious, playful, and always ready to lend a hand, even if he sometimes causes more chaos than he solves. He loves showing off his round tummy and striding proudly with a confident stride. He's very expressive and always has a smile on his face. Iggy is the perfect companion for any fun-filled adventure packed with friendly mischief.",502,1,,,,,1
12,,Igor  ,"Igor es más grande, fuerte y aún más orgullosa de su enorme panza. Sus cuernos sobresalen con estilo y su mirada traviesa anuncia que algo va a pasar. Aunque parece un poco más feroz, sigue siendo un monstruo bueno que protege a sus amigos con brazos fuertes. Le gusta posar como si fuera famoso y contar historias exageradas sobre sus aventuras. Camina con seguridad, hace bromas pesadas pero cariñosas y siempre trae energía. Igor evolucionado es puro poder adorable.","Igor is bigger, stronger, and even more proud of his enormous belly. His horns stick out stylishly, and his mischievous gaze hints at something's about to happen. Though he looks a bit fiercer, he's still a good monster who protects his friends with strong arms. He loves to pose like a celebrity and tell exaggerated stories about his adventures. He walks with confidence, makes mean but affectionate jokes, and always brings energy. Igor is pure adorable power.",463,3,,,,,3
13,,Eggon,"Eggon es un pequeño monstruo que siempre parece sorprendido por todo lo que ocurre a su alrededor. Con su cuerpo redondeado y lleno de manchas, se mueve con pasos torpes pero llenos de entusiasmo. Le encanta observar a los demás, aunque a veces se asusta con facilidad. Su ojo grande y expresivo refleja curiosidad constante, como si siempre estuviera descubriendo algo nuevo. Eggon disfruta explorar rincones desconocidos, aunque suele perderse y necesitar ayuda. Aun así, su simpatía y energía contagian a cualquiera que lo conozca.","Eggon is a small monster who always seems amazed by everything around him. With his rounded, spotted body, he moves with clumsy but enthusiastic steps. He loves observing others, though he's sometimes easily frightened. His large, expressive eyes reflect constant curiosity, as if he's always discovering something new. Eggon enjoys exploring unfamiliar places, though he often gets lost and needs help. Even so, his friendliness and energy are contagious to anyone who meets him.",480,3,,3,,,
14,,Silly,"Silly es un monstruo bajito y juguetón que nunca logra mantenerse quieto. Su único ojo siempre está abierto de par en par, vigilando cualquier oportunidad para hacer una travesura. Aunque su expresión parece un poco triste, en realidad es extremadamente cariñoso y disfruta mucho hacer reír a los demás. Es torpe, pero su torpeza lo hace aún más adorable. A Syllu le encanta perseguir mariposas, esconderse detrás de objetos diminutos y fingir que nadie puede verlo. Tiene un corazón enorme y siempre quiere nuevos amigos.","Silly is a short, playful monster who can never stay still. His single eye is always wide open, watching for any opportunity to get into mischief. Although his expression may seem a little sad, he is actually extremely affectionate and loves making others laugh. He's clumsy, but his clumsiness only makes him more adorable. Syllu loves chasing butterflies, hiding behind tiny objects, and pretending no one can see him. He has a huge heart and always wants to make new friends.",478,2,,2,,,
15,,Sully,"Sully es la versión más crecida y fuerte de Silly, manteniendo su característica mirada tímida pero desarrollando un cuerpo mucho más alto y firme. Sigue siendo sensible, aunque ahora tiene más seguridad en sí mismo y protege a quienes aprecia. Aunque conserva cierta torpeza, su tamaño le permite ayudar en tareas que antes parecían imposibles para él. Es amable, paciente y sorprendentemente sabio. Le gusta levantar cosas pesadas solo para impresionar a sus amigos, pero jamás presume.","Sully is the grown-up and stronger version of Silly, retaining his characteristic shy gaze but developing a much taller and more robust physique. He remains sensitive, though now more self-assured and protective of those he cares about. While still somewhat clumsy, his size allows him to assist with tasks that once seemed impossible for him. He is kind, patient, and surprisingly wise. He enjoys lifting heavy objects just to impress his friends, but he never boasts.",469,3,,3,,,
16,,Mikeskiky,"Mikeskiky es un pequeño monstruo esférico de un solo ojo, siempre emocionado por todo. Le encanta saludar moviendo los brazos y suele acercarse a cualquiera sin miedo. A pesar de su tamaño, tiene una energía increíble y puede correr y saltar sin cansarse. Se divierte haciendo sonidos graciosos y bailando de forma muy exagerada. Su cuerno único le da un toque travieso y adorable. Aunque a veces se distrae con facilidad, siempre vuelve con una sonrisa enorme. Es el monstruo perfecto para animar cualquier momento.","Mikeskiky is a small, spherical, one-eyed monster who's always excited about everything. He loves to wave his arms and is always approaching anyone without fear. Despite his size, he has incredible energy and can run and jump without getting tired. He enjoys making funny sounds and dancing in a very exaggerated way. His unique horn gives him a mischievous and adorable look. Although he sometimes gets easily distracted, he always comes back with a huge smile. He's the perfect monster to brighten up any moment.",514,2,,,,2,
17,,Mikesky,"Mikesky es la evolución más alta y expresiva de Mikeskiky, manteniendo su enorme ojo pero adquiriendo formas más alargadas y movimientos más ágiles. Es muy sociable y siempre está buscando nuevos juegos que incluir a todo el mundo. Su lengua traviesa suele asomarse cuando se emociona, algo que ocurre prácticamente todo el tiempo. A pesar de parecer algo desordenado, tiene una gran memoria para rutas, caminos y lugares interesantes.","Mikesky is the tallest and most expressive evolution of Mikeskiky, retaining his enormous eye but acquiring a more elongated shape and more agile movements. He is very sociable and is always looking for new games to include everyone in. His mischievous tongue often sticks out when he gets excited, which happens practically all the time. Despite appearing somewhat disorganized, he has a great memory for routes, paths, and interesting places.",444,3,,,,3,
18,,Puccino,"Puccino es un monstruito azul pequeño con dos ojos grandes llenos de sorpresa constante. Sus movimientos son rápidos y algo nerviosos, como si siempre tuviera prisa por descubrir algo nuevo. Aunque aparenta estar asustado, en realidad es muy curioso y le encanta investigar cualquier cosa brillante. Sus patitas rosadas lo ayudan a correr velozmente, aunque suele tropezar. Tiene una voz aguda que usa para llamar a sus amigos cuando encuentra algo emocionante. A pesar de su tamaño, tiene una valentía encantadora que siempre sorprende.","Puccino is a tiny blue monster with two big eyes that are always full of wonder. His movements are quick and a little nervous, as if he's always in a hurry to discover something new. Although he appears scared, he's actually very curious and loves to investigate anything shiny. His pink paws help him run swiftly, though he often trips. He has a high-pitched voice that he uses to call his friends when he finds something exciting. Despite his size, he has an endearing bravery that always surprises.",501,1,,,,,1
19,,Puccio,"Puccio es la evolución más alta y encantadora de Puccino. Conserva sus ojos enormes y curiosos, pero ahora posee brazos largos con los que abraza a todos sin aviso. Es muy expresivo y suele mover los brazos para saludar, celebrar o pedir atención. Su personalidad es alegre, amistosa y juguetona, lo que lo convierte en el centro de cualquier reunión. Le gusta bailar y animar a los demás cuando están tristes. Aunque todavía es algo torpe, tiene una confianza nueva que lo vuelve adorable y divertido.","Puccio is Puccino's tallest and most charming evolution. He retains his enormous, curious eyes, but now possesses long arms with which he hugs everyone without warning. He is very expressive and often waves his arms to greet, celebrate, or ask for attention. His personality is cheerful, friendly, and playful, making him the life of any gathering. He loves to dance and cheer others up when they are sad. Although he is still somewhat clumsy, he has a newfound confidence that makes him adorable and fun.",505,3,,,,,3
20,,Bly,"Bly es un pequeño monstruo amarillo-azulado con cuerpo en forma de engranaje o galleta, lo que lo hace destacar entre los demás. Sus ojos grandes observan todo con una mezcla de inocencia y desconcierto. Es tranquilo, caminando despacio y analizando cada detalle con paciencia. A Bly le encanta coleccionar objetos pequeños que encuentra tirados, especialmente cosas redondas que combinan con él. Es amable, tímido y nunca busca conflicto. Su suavidad hace que todos confíen en él.","Bly is a small, blue-yellow monster with a body shaped like a gear or a cookie, which makes him stand out from the rest. His large eyes observe everything with a mixture of innocence and bewilderment. He is calm, walking slowly and patiently analyzing every detail. Bly loves collecting small objects he finds lying around, especially round things that match his personality. He is kind, shy, and never seeks conflict. His gentle nature makes everyone trust him.",462,2,,,2,,
21,,Robbie,"Robbie es un monstruo verde formado por tres cabezas cuadradas conectadas por brazos delgados y muy activos. Cada cabeza tiene su propia expresión y personalidad, lo que lo convierte en una criatura caótica pero encantadora. A veces discuten entre ellas, pero siempre acaban riéndose juntas. Es muy energético, corre por todas partes y le encanta hacer bromas. Aunque pueda parecer travieso, nunca quiere hacer daño. Su espíritu juguetón y su enorme entusiasmo hacen que cualquier lugar se vuelva más divertido cuando él aparece.","Robbie is a green monster made up of three square heads connected by thin, very active arms. Each head has its own expression and personality, making him a chaotic but charming creature. They sometimes argue with each other, but they always end up laughing together. He's very energetic, runs around everywhere, and loves to play pranks. Although he may seem mischievous, he never means any harm. His playful spirit and boundless enthusiasm make any place more fun when he appears.",481,3,,3,,,
22,,Cakey,"Cakey es un monstruo con forma de pastelito dorado, dulce y tierno como su apariencia. Sus ojos grandes observan todo con calma y su caminar es suave, casi silencioso. Siempre huele ligeramente a vainilla, lo que hace que otros monstruos lo sigan sin darse cuenta. Es amable, cariñoso y le encanta ayudar. Aunque no habla mucho, expresa muchísimo con sus gestos. Le gusta sentarse al sol y dejar que su superficie tibia haga sentir cómodos a quienes se recuestan a su lado. Es pura ternura.","Cakey is a monster shaped like a golden cupcake, as sweet and cuddly as he looks. His big eyes calmly observe everything, and his walk is soft, almost silent. He always smells faintly of vanilla, which makes other monsters follow him without realizing it. He is kind, affectionate, and loves to help. Although he doesn't talk much, he expresses a great deal with his gestures. He likes to sit in the sun and let his warm surface make those who lie down next to him feel comfortable. He is pure tenderness.",505,2,,,,2,
23,,Chonkichu,"Chonkichu es un  adorable bicho parece una mezcla ilegal entre dragón, perrito y peluche poseído por la ternura. Camina rechoncho, sonríe como si supiera un secreto cósmico y probablemente queme aldeas solo por accidente. Sus orejas dicen “abrázame”, su cola dice “corre”, y su mirada dice “he comido tus galletas”. Es inofensivo… hasta que no lo es. Además, ronca, babea y cree firmemente que es un héroe legendario del desayuno eterno feliz.","Chonkichu is an adorable little creature that looks like an illegal cross between a dragon, a puppy, and a plush toy possessed by cuteness. He waddles around, smiles like he knows some cosmic secret, and probably burns down villages by accident. His ears say ""hug me,"" his tail says ""run,"" and his gaze says ""I ate your cookies."" He's harmless... until he isn't. Plus, he snores, drools, and firmly believes he's a legendary hero of the eternally happy breakfast.",464,3,,,,,3
24,,Kiff,"Kiff es un pequeño felino mágico de pelaje lavanda que siempre parece sorprendido por todo lo que ve. Sus enormes ojos redondos reflejan una curiosidad infinita y un corazón dulce, dispuesto a confiar incluso en criaturas más grandes que él. Le encanta explorar rincones ocultos, coleccionar hojas brillantes y acurrucarse en lugares cálidos. Las marcas doradas de su cuerpo reaccionan a sus emociones, iluminándose cuando está feliz o emocionado. Aunque tímido, Kiff siempre demuestra valentía cuando alguien necesita cariño, apoyo o compañía de verdad.","Kiff is a small, magical, lavender-furred feline who always seems amazed by everything he sees. His enormous, round eyes reflect boundless curiosity and a sweet heart, ready to trust even creatures larger than himself. He loves exploring hidden corners, collecting shiny leaves, and snuggling up in warm places. The golden markings on his body react to his emotions, lighting up when he's happy or excited. Though shy, Kiff always shows courage when someone truly needs affection, support, or companionship.",507,1,,2,,,
25,,Kiffly,"Kiffy conserva la ternura de Kiff, pero ahora muestra una postura confiada y tranquila que revela lo mucho que ha crecido. Sus ojos grandes mantienen esa chispa curiosa, aunque ahora comprenden mejor el mundo que lo rodea. Su pelaje esponjoso brilla con tonos suaves, y sus marcas doradas se vuelven más intensas cuando protege a sus amigos. ","Kiffy retains Kiff's cuteness, but now displays a confident and calm demeanor that reveals how much he has grown. His large eyes still hold that curious spark, though they now understand the world around him much better. His fluffy fur shines with soft hues, and his golden markings become more intense when he's protecting his friends.",336,2,,3,,,
26,,Pichuly,"Pichuly es una pequeña criatura diurna/nocturna, parecida a un roedor con alas. Su cuerpo amarillo y azul resalta sus mejillas anaranjadas. Sus orejas grandes captan hasta el más mínimo sonido, y aunque parece presumido por sus largas pestañas, en realidad es juguetón y pícaro. Puede planear distancias cortas con su ala-manta.","Pichuly is a small, diurnal/nocturnal creature, resembling a rodent with wings. Its yellow and blue body highlights its orange cheeks. Its large ears pick up even the faintest sounds, and although it may seem boastful with its long eyelashes, it is actually playful and mischievous. It can glide short distances using its wing-blanket.",335,3,,,3,,
27,,Gemelados,"Gemelados es pura dulzura con patas inexistentes. Dos cabecitas de crema viven abrazadas para siempre, compartiendo una cereza como símbolo de su amistad eterna. Siempre sonríen, incluso cuando se derriten un poco por el calor del cariño. No atacan, no muerden y no juzgan: solo existen para hacer el mundo más tierno, un lametón de felicidad a la vez.","Gemelados is pure sweetness with no legs. Two little cream heads live forever embraced, sharing a cherry as a symbol of their eternal friendship. They always smile, even when they melt a little from the warmth of affection. They don't attack, they don't bite, and they don't judge: they only exist to make the world more tender, one lick of happiness at a time.",362,3,,,,,3
28,,Chefairy,"Chefairy es un monstruo rosado y esponjoso, siempre con una bebida o algún postre en la mano. Tiene un carácter dulce y amable, como un pequeño chef mágico. Su cuello mullido guarda aromas deliciosos, y es experto en preparar alimentos que recuperan energía. Es sociable, tranquilo y muy protector con los más pequeños.","Chefairy is a pink, fluffy monster, always with a drink or some dessert in his hand. He has a sweet and kind nature, like a little magical chef. His fluffy neck holds delicious aromas, and he's an expert at preparing energy-restoring foods. He's sociable, calm, and very protective of little ones.",297,3,,,,,3
29,,Cosmo,"Cosmo es una criatura marina-espacial con tentáculos que se mueven con agilidad. Su cuerpo azul celeste y ojos brillantes lo hacen ver misterioso. Aunque tiene cara de gruñón, en realidad es muy expresivo y un poco dramático. Puede girar sobre sí mismo creando remolinos acuáticos o energéticos. Sus dos cuernos actúan como antenas sensoriales.","Cosmo is a marine-space creature with agile tentacles. His sky-blue body and glowing eyes give him a mysterious appearance. Although he has a grumpy face, he is actually very expressive and somewhat dramatic. He can spin, creating aquatic or energy vortices. His two horns act as sensory antennae.",297,3,,3,,,
30,,Nubiel,"Nubiel es una nubecita traviesa llegada de un cielo que claramente no sigue las normas meteorológicas. Flota dando saltitos, ríe con una boca demasiado grande para su cuerpo y observa el mundo con su único ojo curioso, siempre abierto a problemas adorables. Aunque parece blandito e inofensivo, Nubiel puede soltar descargas de energía juguetona cuando se emociona. Le encantan los colores, el caos suave y asustar solo “un poquito” para luego pedir perdón con una sonrisa.","Nubiel is a mischievous little cloud from a sky that clearly doesn't follow the rules of weather. He floats along, hopping about, laughing with a mouth too big for his body, and observing the world with his one curious eye, always open to adorable problems. Although he seems soft and harmless, Nubiel can unleash bursts of playful energy when he gets excited. He loves colors, gentle chaos, and giving people just ""a little"" of a scare before apologizing with a smile.",470,2,,,2,,
31,,Didog,"Didog es un monstruo tierno y gordito, con pelaje rosado y detalles verdes. Es curioso, tranquilo y disfruta comiendo o explorando lugares calmados. Su larga cola verde le ayuda a mantener el equilibrio cuando se sorprende (lo cual sucede seguido). A pesar de su aspecto dulce, puede ser sorprendentemente rápido cuando algo lo entusiasma.","Didog is a cute, chubby monster with pink fur and green markings. He's curious, calm, and enjoys eating or exploring quiet places. His long green tail helps him keep his balance when he's startled (which happens often). Despite his sweet appearance, he can be surprisingly fast when something excites him.",305,2,,,2,,
32,,Foxito,"Foxito es famoso por sus siestas interminables. Al tener un cuerpo tan largo y flexible, podía enroscarse de tal forma que parecía una simple roca cubierta de musgo, engañando a cualquier depredador.
Una tarde, un fuerte viento atrapó a un pequeño Xylen que volaba cerca, enredándolo en las copas de un sauce. Foxito, al oír el alboroto, no usó patas para subir, sino que estiró su cuerpo como un resorte elástico. Trepó por el tronco como una espiral de seda y, con un suave empujón de su nariz roja, liberó al planeador. ","Foxito is famous for his endless naps. With his long, flexible body, he could curl up in such a way that he looked like a simple moss-covered rock, deceiving any predator.
One afternoon, a strong wind caught a small Xylen flying nearby, entangling it in the tops of a willow tree. Foxito, hearing the commotion, didn't use his paws to climb, but stretched his body like an elastic spring. He climbed the trunk like a silken spiral and, with a gentle nudge of his red nose, freed the glider. ",491,1,,1,,,
33,,Foxake,"Tras años protegiendo el Bosque de los Susurros, la energía de la naturaleza provocó un cambio en el cuerpo de Foxito. Sus cortas orejas crecieron y su piel se cubrió de marcas púrpuras que vibraban con el viento. Así nació Foxake.
Ya no solo se deslizaba por los troncos; ahora, Foxake podía detectar vibraciones a kilómetros de distancia gracias a sus nuevas y largas orejas. Durante una gran tormenta, el río se desbordó amenazando el nido de los Xylen.","After years of protecting the Whispering Forest, the energy of nature caused a change in Foxito's body. His short ears grew, and his skin became covered in purple markings that vibrated in the wind. Thus, Foxake was born. No longer just gliding along tree trunks, Foxake could now detect vibrations from miles away thanks to his new, long ears. During a great storm, the river overflowed, threatening the Xylen nest.",416,3,,3,,,
34,,Puppai,"Esta es la historia de Puppai, un espíritu juguetón que vive en el Bosque de los Botones. A diferencia de otros guardianes, Puppai no tiene ojos de cristal, sino dos botones turquesas que encontró en el costurero de una abuela bondadosa.
Una tarde, el viento del norte sopló tan fuerte que las hojas de los árboles perdieron su color. Puppai, con su energía inagotable, empezó a saltar de rama en rama.","This is the story of Puppai, a playful spirit who lives in the Button Forest. Unlike other guardians, Puppai doesn't have glass eyes, but rather two turquoise buttons he found in a kind grandmother's sewing box.
One afternoon, the north wind blew so hard that the leaves on the trees lost their color. Puppai, with his inexhaustible energy, began to leap from branch to branch. ",378,2,,,2,,
35,,Rami,"Rami es un bichito verde mitad mono, mitad planta, totalmente listo para causar ternura. Tiene orejas con espirales hipnóticas, una hojita en la cabeza que funciona como antena de buenas vibras y ojos que siempre parecen sorprendidos. Camina dando saltitos torpes y lleva un collar de hojas que lo hace parecer un mini guardián del bosque. Es experto en robar galletas sin que puedas enojarte.","Rami is a little green creature, half monkey, half plant, absolutely ready to melt your heart. He has ears with hypnotic spirals, a little leaf on his head that acts as a good vibe antenna, and eyes that always seem surprised. He walks with clumsy hops and wears a necklace of leaves that makes him look like a mini forest guardian. He's an expert at stealing cookies without you getting mad.",393,3,,,,3,
36,,Xylen,"En los Arrecifes Flotantes, Xylen no era como los demás peces. Mientras su cardumen se mantenía bajo el agua, ella pasaba horas mirando hacia el cielo rosado. Sus amigos se burlaban de sus enormes orejas-aleta, pero Xylen sabía que servían para algo más que nadar.
Un día, una corriente de aire mágico golpeó la superficie. Aprovechando el impulso, Xylen saltó y, en lugar de caer, batió sus aletas con fuerza.","In the Floating Reefs, Xylen wasn't like the other fish. While her school stayed underwater, she spent hours gazing up at the pink sky. Her friends made fun of her enormous ear-fins, but Xylen knew they were for more than just swimming.
One day, a magical gust of wind hit the surface. Using the momentum, Xylen leaped up and, instead of falling, flapped her fins powerfully.",375,2,,2,,,
37,,Viiipsy,"Viipsy es un monstruito rosa lleno de energía, con brazos flexibles y expresivos que usa para saludar, bailar y hacer travesuras. Sus ojos grandes, con forma peculiar, le permiten ver cosas que otros no notan, convirtiéndolo en un maestro para encontrar objetos perdidos. Siempre está en movimiento, riendo, cantando y creando juegos nuevos para todos. Tiene un carácter juguetón y amistoso, aunque a veces exagera su entusiasmo y termina enredado en sus propias ocurrencias.","Viipsy is a little pink monster full of energy, with flexible and expressive arms that he uses to wave, dance, and play pranks. His large, peculiarly shaped eyes allow him to see things others miss, making him a master at finding lost objects. He's always on the go, laughing, singing, and creating new games for everyone. He has a playful and friendly nature, although sometimes he gets carried away with his enthusiasm and ends up tangled in his own antics.",459,1,,,3,,
38,,Viiipsion,"La evolución de Viipsy muestra un cuerpo más grande y firme, aunque conserva su energía alocada y contagiosa. Sus brazos se vuelven más fuertes y expresivos, capaces de abrazar, levantar y animar a cualquiera. Sus ojos cambian ligeramente, reflejando seguridad y un toque de picardía constante. Aunque ha crecido, sigue siendo juguetón, pero ahora sabe controlar mejor sus impulsos. Le encanta guiar a los más pequeños, inventar juegos cooperativos y mantener el ánimo alto del grupo.","Viipsion reveals a larger, more robust body, though she retains her infectious, boisterous energy. Her arms become stronger and more expressive, capable of hugging, lifting, and cheering anyone up. Her eyes change slightly, reflecting confidence and a touch of mischief. Although she has grown, she remains playful, but now she knows how to better control her impulses. She loves to guide the younger ones, invent cooperative games, and keep the group's spirits high.",467,2,,,3,,
39,,Katty,"Katty cayó del cielo como una bola amarilla con demasiada actitud para tan poco control. Giró, chilló y aterrizó rodando, enfadada con el mundo y consigo misma. Tenía orejas puntiagudas, mejillas marcadas y una expresión que decía “esto no estaba en el plan”.
A diferencia de Bum, Katty no practicaba la paciencia: practicaba el impulso. Saltaba primero y pensaba después. Cada caída la dejaba gruñendo, pero también aprendiendo. Porque aunque protestara, siempre se levantaba.","Katty fell from the sky like a yellow ball with too much attitude for so little control. She spun, squealed, and landed rolling, angry at the world and herself. She had pointy ears, bulging cheeks, and an expression that said, 'This wasn't part of the plan.'
Unlike Bum, Katty didn't practice patience; she practiced momentum. She jumped first and thought later. Every fall left her grumbling, but also learning. Because even though she protested, she always got back up.",471,2,,2,,,
40,,Moki,"En las cuevas de cristal, el pequeño Moki soñaba con alcanzar los frutos más altos. Mientras los adultos de su especie trepaban con facilidad, Moki solía calcular mal las distancias debido a su único ojo y terminaba rodando por el suelo como una pelota azul.
Un día, un grupo de exploradores dejó caer una baya brillante en una grieta estrecha. Los grandes no cabían, pero Moki, con su cuerpo compacto, se deslizó sin dudarlo. Al recuperar la baya, el esfuerzo hizo que su pequeño cuerno brillara por primera vez.","""In the crystal caves, little Moki dreamed of reaching the highest fruits. While the adults of his kind climbed with ease, Moki often misjudged distances because of his single eye and ended up rolling on the ground like a blue ball. One day, a group of explorers dropped a shiny berry into a narrow crevice. The larger ones couldn't fit, but Moki, with his compact body, slipped in without hesitation. As he retrieved the berry, the effort made his little horn glow for the first time.",485,1,,,1,,
41,,Mokiki,"Mokiki es un cíclope azul de corazón tierno que vive en las Cuevas de Algodón. A pesar de su apariencia robusta y sus pequeños colmillos, Mokiki tiene un problema: su único ojo es tan grande que a veces ve cosas que los demás ignoran, como el rastro de purpurina que dejan las estrellas al caer.
Un día, Mokiki encontró a Puppai llorando porque había perdido uno de sus botones. Sin dudarlo, Mokiki frotó su pequeño cuerno marrón, el cual empezó a brillar con una luz cálida.","Mokiki is a kind-hearted blue cyclops who lives in the Cotton Caves. Despite his sturdy appearance and small fangs, Mokiki has a problem: his single eye is so large that he sometimes sees things others miss, like the trail of glitter left by falling stars. One day, Mokiki found Puppai crying because he had lost one of his buttons. Without hesitation, Mokiki rubbed his small brown horn, which began to glow with a warm light.",427,2,,,2,,
42,,Lampia,"Lampia vivía en el Bosque Vectorial. Era pequeño, amarillo y tenía alas cortas, pero mucha determinación. Cada día se colocaba firme, miraba al cielo y saltaba. Volaba solo unos segundos antes de caer, pero nunca se rendía. Para él, cada intento era aprendizaje. Los demás lo observaban con curiosidad mientras Lampia ajustaba su postura y volvía a intentarlo. No quería ser el mejor, solo mejorar un poco más cada día. ","Lampia lived in the Vector Forest. He was small, yellow, and had short wings, but a lot of determination. Every day he stood at attention, looked up at the sky, and jumped. He flew for only a few seconds before falling, but he never gave up. For him, every attempt was a learning experience. The others watched him with curiosity as Lampia adjusted his stance and tried again. He didn't want to be the best, just to improve a little more each day.",447,2,2,,,,
43,,Orangli,"Este curioso ser nace con un instinto incontrolable hacia los cítricos. Su crecimiento depende exclusivamente de la vitamina C, por lo que su única misión en la vida es consumir más de 10 toneladas de naranjas jugosas para lograr transformarse en adulto. Siempre se le ve con el hocico manchado de jugo y, aunque es pequeño, es capaz de pelar la fruta más dura en segundos para devorar su interior.","This curious being is born with an uncontrollable instinct for citrus. Its growth depends entirely on Vitamin C, making its sole mission in life to consume over 10 tons of juicy oranges to successfully transform into an adult. It is often seen with a juice-stained snout, and despite its small size, it can peel even the toughest fruit in seconds to devour what lies inside.",374,1,,,1,,
44,,Orangore,"Al alcanzar su etapa adulta, este ser desarrolla una obsesión por las naranjas más ácidas y llenas de jugo. Los ácidos cítricos que ingiere reaccionan con su metabolismo, convirtiendo su piel externa en una corteza rugosa, aromática y casi impenetrable. Es conocido por dejar arboledas de cítricos completamente vacías antes de derrumbarse bajo la sombra de un árbol para dormir mientras su cuerpo asimila la vitamina C.","Upon reaching adulthood, this creature develops an obsession for the most acidic, juice-filled oranges. The citric acids it ingests react with its metabolism, turning its outer skin into a rugged, aromatic, and nearly impenetrable rind. It is known for stripping citrus groves bare before collapsing under the shade of a tree to sleep while its body assimilates the Vitamin C.",376,3,,,3,,
45,,Nebulon,"Esta criatura habita en las zonas más oscuras y profundas del cosmos. Su piel es de un azul oscuro casi negro, marcada por líneas naranjas bioluminiscentes que pulsan al ritmo de su energía. Este ser es silencioso y estático. Al girar, genera campos electromagnéticos de color naranja que paralizan a quien se acerque. Sus cuernos actúan como pararrayos, acumulando tormentas espaciales que luego libera a través de sus tentáculos.","This creature dwells in the darkest, deepest zones of the cosmos. Its skin is a dark, almost black blue, marked by bioluminescent orange lines that pulse to the rhythm of its energy. This being is silent and static. When spinning, it generates orange electromagnetic fields that paralyze anyone who gets too close. Its horns act as lightning rods, accumulating space storms that are later released through its tentacles.",420,3,,3,,,
46,,Globi,"En el planeta Minimalia vivía Globi, una criatura azul de un solo ojo y grandes aspiraciones. Un día, su ojo parpadeó en verde: alerta intergaláctica activada. Sin pensarlo, Globi levantó los brazos y puso su mejor cara de “soy muy peligroso”. No lo era, pero nadie se atrevió a comprobarlo. Así, casi por accidente, se convirtió en el guardián del planeta. Desde entonces protege Minimalia con entusiasmo y un éxito sorprendente.","On the planet Minimalia lived Globi, a one-eyed blue creature with grand ambitions. One day, his eye blinked green: intergalactic alert activated. Without thinking, Globi raised his arms and put on his best ""I'm very dangerous"" face. He wasn't, but no one dared to test him. Thus, almost by accident, he became the planet's guardian. Since then, he has protected Minimalia with enthusiasm and surprising success.",412,1,1,,,,
47,,Glober,"Cuando Globi cambió, nació Glober. Dos ojos nuevos le dieron una visión más amplia del mundo… y también más preguntas. Ya no actúa solo por impulso: ahora duda, observa y reacciona con sorpresa ante casi todo. A veces levanta los brazos y grita, no para asustar, sino para probar qué es capaz de hacer. Glober sigue siendo torpe y expresivo, pero está aprendiendo. Es el mismo de siempre, solo que un paso más cerca de entender el caos que lo rodea.","When Globi changed, Glober was born. Two new eyes gave him a broader view of the world… and also more questions. He no longer acts solely on impulse: now he hesitates, observes, and reacts with surprise to almost everything. Sometimes he raises his arms and shouts, not to scare, but to test what he's capable of. Glober is still clumsy and expressive, but he's learning. He's the same as always, only one step closer to understanding the chaos that surrounds him.",464,2,2,,,,
48,,Globanor,"Cuando Glober terminó de transformarse, apareció Globanor. Tres ojos bien abiertos le permiten verlo todo. Sus brazos en alto y sus colmillos afilados imponen respeto en todo el planeta. Pero, en el fondo, Globanor sigue siendo el mismo de siempre: curioso, expresivo y un poco torpe.","When Glober finished transforming, Globanor appeared. Three wide-open eyes allow him to see everything. His raised arms and sharp fangs command respect across the planet. But deep down, Globanor is still the same as always: curious, expressive, and a little clumsy.",265,3,3,,,,
49,,Batli,"Este pequeño ser de color azul cielo no vuela aleteando con fuerza, sino que se desliza aprovechando las corrientes térmicas. Su piel segrega una sustancia que elimina casi toda fricción con el aire, convirtiéndolo en un proyectil viviente sin frenos. Aunque desde lejos parece elegante dibujando bucles y espirales perfectas, la realidad es más caótica: es incapaz de detenerse por voluntad propia.","This small, sky-blue creature doesn't fly by flapping hard, but by gliding on thermal currents. Its skin secretes a substance that eliminates almost all air friction, turning it into a living projectile with no brakes. Although from afar it looks elegant drawing perfect loops and spirals, the reality is more chaotic: it is incapable of stopping at will.",355,1,,,,,1
50,,Batilin,"Este murciélago de pelaje azul noche ha llevado el vuelo invertido a un nivel de arte sigiloso. A diferencia de su ruidoso pariente amarillo, esta criatura vuela panza arriba por pura estrategia depredadora de camuflaje. Su vientre oscuro se confunde perfectamente con el cielo nocturno, haciéndolo invisible para las presas que miran desde el suelo. Posee un sentido del radar tan avanzado que navega entre los árboles sin emitir sonido alguno, y se dice que su extraño control de la gravedad le permite incluso 'aterrizar' sobre la superficie de las nubes para descansar.","This midnight-blue bat has taken upside-down flight to the level of stealth art. Unlike its noisy yellow relative, this creature flies belly-up purely for predatory camouflage strategy. Its dark belly blends perfectly with the night sky, making it invisible to prey looking up from the ground. It possesses such an advanced radar sense that it navigates through trees without making a sound, and it is said that its strange control over gravity even allows it to 'land' on the surface of clouds to rest.",503,2,,2,,,
51,,Irigo,"Esta variante de color verde intenso habita en zonas húmedas, donde su piel ha desarrollado una capa gruesa y esponjosa de musgo vivo que cubre toda su espalda. Está convencido de ser una bestia aterradora y usa su 'armadura vegetal' para parecer más grande, sacudiéndose para liberar nubes de esporas dramáticas. Sin embargo, es igual de blando e inofensivo; la única amenaza real que presenta es que si lo abrazas, te dejará la ropa manchada de humedad y olor a bosque.","This intense green variant inhabits damp areas, where its skin has developed a thick, spongy layer of living moss covering its entire back. It is convinced it is a terrifying beast and uses its 'vegetal armor' to look bigger, shaking itself to release clouds of dramatic spores. However, it is just as soft and harmless; the only real threat it poses is that if you hug it, your clothes will be stained with moisture and the smell of the forest.",445,1,,,,1,
52,,Irigorn,"En su etapa adulta, el cuerpo regordete de esta criatura se ha fusionado completamente con el entorno. La capa de musgo sobre su espalda ha crecido tanto que ahora soporta pequeñas setas bioluminiscentes y raíces que forman una armadura natural y resistente. Ya no necesita solo posar para intimidar; ahora es capaz de camuflarse perfectamente como un arbusto inerte y saltar de golpe para dar sustos dramáticos. Sigue siendo inofensivo por dentro, pero su abrazo ahora es mucho más pesado y pegajoso.","In its adult stage, the creature's plump body has fully merged with the environment. The layer of moss on its back has grown so much that it now supports small bioluminescent mushrooms and roots that form a tough natural armor. It no longer needs to just pose to intimidate; it is now able to camouflage perfectly as an inert bush and jump out suddenly to deliver dramatic scares. It remains harmless on the inside, but its hug is now much heavier and stickier.",461,3,,,,3,
53,,Devilimp,"Este pequeño ser, con apariencia de diablillo travieso, sueña con ser un villano temible, pero su naturaleza torpe se lo impide. Viste un traje morado con capucha y alas, complementado con enormes guantes y botas de goma amarilla que chirrían al andar, arruinando cualquier intento de sigilo. Sus grandes ojos siempre muestran preocupación, probablemente porque aún no controla bien el vuelo y suele estrellarse contra las paredes. Aunque intenta fruncir el ceño, solo consigue inspirar ternura.","This little being, resembling a mischievous imp, dreams of being a fearsome villain, but his clumsy nature gets in the way. He wears a purple hooded suit with wings, complemented by huge yellow rubber gloves and boots that squeak when he walks, ruining any attempt at stealth. His large eyes always show worry, likely because he hasn't mastered flight yet and tends to crash into walls. Although he tries to frown to look mean, he only manages to inspire tenderness.",466,2,,,,,2
54,,Murbat,"Esta extraña criatura nocturna se distingue por su visión sobrenatural, otorgada por tres grandes ojos amarillos que brillan en la oscuridad. Su pelaje marrón es suave, contrastando con la membrana púrpura de sus alas. No es un animal común; muestra signos de una cultura propia, adornando su oreja izquierda con aros de oro que cuida con esmero. Se rumorea que mientras sus dos ojos inferiores vigilan el mundo físico, el tercero percibe las auras y las intenciones, haciéndolo imposible de emboscar.","Esta criatura nocturna destaca por su visión sobrenatural, otorgada por tres grandes ojos amarillos que brillan en la oscuridad. Su pelaje marrón contrasta con sus alas púrpuras. Muestra una inteligencia inusual, adornando su oreja con aros de oro que tintinean al volar. Se dice que mientras sus ojos inferiores vigilan el plano físico, el tercero percibe las auras y las intenciones, lo que lo convierte en un guardián imposible de emboscar.",443,2,2,,,,
55,,Yixlen,"Esta grácil criatura es un híbrido único entre el mundo marino y el aéreo. Su cuerpo termina en una elegante cola de pez de color salmón, diseñada para nadar a gran velocidad, mientras que su torso está cubierto por un suave pelaje lila y blanco. Posee unas enormes orejas puntiagudas que le sirven tanto para detectar depredadores bajo el agua como para estabilizarse en el aire, ya que también cuenta con pequeñas aletas dorsales y laterales que funcionan como alas rudimentarias para planear distancias cortas sobre la superficie del océano.","This graceful creature is a unique hybrid between the marine and aerial worlds. Its body ends in an elegant salmon-colored fishtail, designed for high-speed swimming, while its torso is covered in soft lilac and white fur. It possesses huge pointed ears that serve both to detect underwater predators and to stabilize it in the air, as it also has small dorsal and side fins that function as rudimentary wings for gliding short distances above the ocean surface.",462,3,,3,,,
56,,Snox,"Esta criatura es un híbrido curioso entre un zorro y una serpiente. Su pelaje color crema es suave, y sus grandes orejas triangulares detectan el menor ruido en la maleza. A diferencia de un gato, su hocico es afilado y sus ojos dorados denotan una astucia innata desde el nacimiento. Aunque parece adorable con sus tonos rosados, es esquivo y rápido; se desliza entre las sombras del bosque y roba bayas o pequeños objetos brillantes para esconderlos en su madriguera subterránea.","This creature is a curious hybrid between a fox and a snake. Its cream-colored fur is soft, and its large triangular ears detect the slightest noise in the brush. Unlike a cat, its snout is pointed, and its golden eyes denote an innate cunning from birth. Although it looks adorable with its pink tones, it is elusive and fast; it slithers through the forest shadows and steals berries or small shiny objects to hide them in its underground burrow.",448,1,1,,,,
57,,Snoxake,Su evolución revela su verdadera naturaleza de embaucador. Las marcas púrpuras en su cuerpo no son solo decorativas; se dice que hipnotizan a quienes las miran fijamente mientras se mueve. Su expresión burlona y cejas fruncidas delatan una inteligencia maliciosa. Ya no se esconde por miedo; usa su cuerpo serpenteante para rodear a sus presas mientras las confunde con ladridos agudos. Es un maestro de la ilusión que disfruta perdiendo a los viajeros en bosques densos.,Its evolution reveals its true trickster nature. The purple markings on its body are not just decorative; they are said to hypnotize those who stare at them while it moves. Its mocking expression and furrowed brows betray a malicious intelligence. It no longer hides out of fear; it uses its serpentine body to encircle prey while confusing them with sharp barks. It is a master of illusion that enjoys getting travelers lost in dense forests.,443,2,2,,,,
58,,Chirrlim,"Este pequeño ser de tres ojos tiene un metabolismo tan acelerado que solo se calma con la ingesta masiva de cerezas dulces. A diferencia de otros comedores de fruta, este no desperdicia nada: sus fuertes muelas trituran incluso los huesos para obtener minerales extra que fortalecen sus pequeños cuernos. Es muy territorial con su cosecha; si alguien se acerca a su árbol, usará su tercer ojo para apuntar y escupir los huesos de cereza como si fueran balas a gran velocidad.","This small, three-eyed being has a metabolism so fast that it is only calmed by the massive intake of sweet cherries. Unlike other fruit eaters, this one wastes nothing: its strong molars crush even the pits to obtain extra minerals that strengthen its small horns. It is very territorial with its harvest; if anyone approaches its tree, it will use its third eye to aim and spit cherry pits like high-speed bullets.",416,1,,,1,,
59,,Chirrmlore,"Tras consumir toneladas de fruta, evoluciona a esta forma rotunda y pesada. Su cuerpo ha acumulado tantas reservas de azúcar que apenas camina, prefiriendo sentarse a comer sin pausa. Su estómago funciona como una caldera de fermentación interna; aunque parece perezoso y feliz, si se siente amenazado puede liberar la presión acumulada en forma de eructos explosivos o ráfagas de gas tóxico. Sus tres ojos ahora se mueven independientemente para localizar cada cereza caída.","After consuming tons of fruit, it evolves into this rotund, heavy form. Its body has accumulated so many sugar reserves that it barely walks, preferring to sit and eat without pause. Its stomach functions like an internal fermentation boiler; although it seems lazy and happy, if threatened, it can release accumulated pressure in the form of explosive burps or bursts of toxic gas. Its three eyes now move independently to spot every fallen cherry.",449,3,,,3,,
60,,Violex,"Este ser bípedo de cuerpo redondo y pelaje púrpura oscuro parece estar en un estado perpetuo de profunda reflexión. Su postura, con una garra en la barbilla y el ceño fruncido, sugiere que está resolviendo los misterios del universo, o quizás solo decidiendo qué cenar. Su cola esponjosa, de color crema en la punta, se agita nerviosamente mientras piensa. A pesar de su apariencia seria y un poco gruñona, es inofensivo; su mayor peligro es que te aburra con sus largas divagaciones filosóficas.","This round-bodied, dark purple bipedal being seems to be in a perpetual state of deep reflection. Its posture, with a claw on its chin and a furrowed brow, suggests it is solving the mysteries of the universe, or perhaps just deciding what to have for dinner. Its fluffy tail, tipped in cream, twitches nervously while it thinks. Despite its serious and slightly grumpy appearance, it is harmless; its greatest danger is boring you with its long philosophical ramblings.",470,2,,2,,,
61,,Tailfary,"Este sofisticado ser de pelaje azul celeste es el alma de las reuniones del bosque. Su rasgo más distintivo es el collar de pelaje rosado y esponjoso alrededor de su cuello, que actúa como un filtro natural para las toxinas del aire. Es conocido por su gusto refinado: desprecia el agua simple y prefiere recolectar néctares fermentados que bebe con elegancia. A pesar de su apariencia altiva y su copa siempre llena, es un excelente diplomático que resuelve conflictos entre otras especies.","This sophisticated sky-blue being is the soul of forest gatherings. Its most distinctive feature is the fluffy pink fur collar around its neck, which acts as a natural filter for airborne toxins. It is known for its refined taste: it despises plain water, preferring to collect fermented nectars that it drinks with elegance. Despite its haughty appearance and ever-full cup, it is an excellent diplomat who resolves conflicts between other species.",449,2,,,,,2
62,,Glamyur,"Este pequeño roedor es la definición de vanidad en el reino animal. Obsesionado con su apariencia, pasa horas acicalando su suave pelaje amarillo y rosado hasta que brilla. Sus largas pestañas no son solo estéticas; al parpadear rápidamente, libera un polvo hipnótico que aturde a sus depredadores con una falsa sensación de ternura. Es caprichoso y manipulador: usa su encanto para que otros recojan comida para él, pero si ignoras su belleza, atacará con chillidos sónicos insoportables.","This small rodent is the definition of vanity in the animal kingdom. Obsessed with its appearance, it spends hours grooming its soft yellow and pink fur until it shines. Its long eyelashes are not just aesthetic; by blinking rapidly, it releases a hypnotic dust that stuns predators with a false sense of tenderness. It is capricious and manipulative: it uses its charm to get others to gather food for it, but if you ignore its beauty, it will attack with unbearable sonic shrieks.",482,3,,,,,3
63,,Ignippy,"Este pequeño ser de pelaje azul y detalles magenta es pura energía cinética. Sus enormes orejas y cola, que asemejan llamas vivas, reaccionan a sus emociones: arden con mayor intensidad cuando está feliz. Siempre luce una sonrisa contagiosa y se desplaza dando saltitos, biológicamente incapaz de quedarse quieto. Aunque parece un peluche adorable, su cuerpo irradia un calor intenso; es el compañero ideal para el invierno, aunque a veces su entusiasmo provoca pequeños incendios accidentales al abrazar demasiado fuerte.","This small creature with blue fur and magenta details is pure kinetic energy. Its huge ears and tail, resembling living flames, react to its emotions: they burn more intensely when it is happy. It always wears a contagious smile and moves around in little hops, biologically unable to stay still. Although it looks like an adorable plush toy, its body radiates intense heat; it is the ideal companion for winter, though sometimes its enthusiasm causes small accidental fires when it hugs too tight.",498,3,3,,,,
64,,Telekitty,"Telekitty es una pequeña bola de pelo de color lavanda con una cabeza desproporcionadamente grande y unos ojos marrones inmensos que parecen contener lágrimas o galaxias enteras. A diferencia de la elegancia estilizada de Telecathy, Telekitty es torpe y rechoncho. Las marcas doradas en su frente son apenas unos puntos, y sus garras aún son pequeñas y romas. Lleva un cascabel dorado en el cuello que suena suavemente cuando su magia se activa involuntariamente.","Telekitty is a small ball of lavender fur with a disproportionately large head and immense brown eyes that seem to contain tears or entire galaxies. Unlike the stylized elegance of Telecathy, Telekitty is clumsy and chubby. The golden marks on its forehead are barely dots, and its claws are still small and blunt. It wears a golden bell around its neck that rings softly when its magic activates involuntarily.",305,1,,1,,,
65,,Telecathy,"Tiene un caracter serio y elegante, pero es muy leal con sus amigos. Sus poderes psiquicos aumentan a medida que cae la noche, estos le permiten mover objetos con la mente, crear barreras y comunicarse  con los espiritus . A desarrollado una gran capacidad sensorial que le convierte en un gran explorador y vigilante , la cual le permite detectar otros seres y objetos de valor.","He has a serious and elegant behaviour, but is very loyal
to his friends. His psychic powers increase as night falls, 
it allows him to move objects with his mind, create 
barriers, and communicate with spirits. He has 
developed a great sensorial capacity thats makes him a 
great ranger and guardian, which allows him to detect 
other beings and valuable objects.",365,3,,2,,,
66,,Bovi,"En la infancia suelen juntarse con otros infantes de la misma especie para jugar y pasar el rato. Son muy sociables y curiosos, por lo que no temen acercarse a otras especies. Su forma blanda y redonda les permite dar botes muy altos con los que se mueven y escapan si es necesario. Viven en bosques y les gusta esconderse en arbustos y ramas de árboles, donde alcanzan a llegar debido a sus botes.","As infants, they often gather with other infants of the same species to play and spend time together. They are very sociable and curious, so they are not afraid to approach other species. Their soft, round shape allows them to bounce very high, which they use to move around and escape if necessary. They live in forests and like to hide in bushes and tree branches, which they can reach thanks to their bouncing ability.",421,1,,,,2,
67,,Vimlo,"Vimlo es un pequeño monstruo gelatinoso que vive en los huertos de cítricos más soleados del mundo. Su cuerpo tiene la textura de una gominola suave y desprende un aroma fresco y agradable. Siempre esta sonriendo y le encanta saltar, jugar y hacer reir a quienes lo rodean. A diferencia de otros monstruos, nunca hace daño: su mayor poder es convertir cualquier momento aburrido en una experiencia divertida y llena de alegría.","Vimlo is a small gelatinous monster that lives in the sunniest citrus orchards in the world. Its body has the texture of a soft gummy candy and gives off a fresh, pleasant scent. It is always smiling and loves to jump, play, and make everyone around it laugh. Unlike other monsters, it never causes harm: its greatest power is turning any boring moment into a fun and joyful experience.",386,1,,,,1,
68,,Lumoel,"Lumoel es una criatura suave y curiosa que ama explorar el cielo y el mar con movimientos tranquilos. Le gusta ayudar a otros a sentirse seguros, compartir juegos tranquilos y descubrir nuevas melodías con el viento. Siempre transmite calma, amistad y confianza.","Lumoel is a gentle and curious creature that loves exploring the sky and sea with calm movements. It enjoys helping others feel safe, sharing peaceful games, and discovering new melodies with the wind. It always brings comfort, friendship, and trust.",327,2,,2,,,
69,,Hantiux,"Hantiux era el guardián del Lago Silencioso. A diferencia de otros, hablaba poco, pero sus tres ojos veían secretos escondidos bajo el agua. Una noche, el lago empezó a agitarse y una sombra oscura intentó escapar desde el fondo.
Hantiux se plantó firme, abrió bien la boca y dejó escapar un rugido que hizo vibrar las montañas. Sus ojos brillaron al mismo tiempo, sellando la sombra otra vez en el lago.
Cuando todo volvió a la calma, Hantiux se sentó a observar las estrellas reflejadas en el agua, sabiendo que había cumplido su misión.","""Hantiux was the guardian of the Silent Lake. Unlike others, he spoke little, but his three eyes saw secrets hidden beneath the water. One night, the lake began to stir, and a dark shadow tried to escape from its depths. Hantiux stood firm, opened his mouth wide, and let out a roar that shook the mountains. His eyes flashed at the same time, sealing the shadow back into the lake. When all was calm again, Hantiux sat and watched the stars reflected in the water, knowing he had fulfilled his mission.""",504,3,,,1,,
70,,Beorin,"Beorin es el protector del bosque. A primera vista parece un adorable oso de peluche con grandes ojos de botón y una terrorifica sonrisa.
Cuando la luz se apaga, sus inquietantes zarpas brillan en la oscuridad y emite unos gruñidos que suenan como una tela vieja al romperse. Dicen que solo ataca a quienes dañan su bosque.","Beorin is the protector of the forest. At first glance, he looks like an adorable teddy bear with big button eyes and a terrifying smile. When the light goes out, his unsettling claws glow in the dark and he emits growls that sound like old fabric tearing. They say he only attacks those who harm his forest.",280,1,1,,,,
71,,Beorror,"Habiendo sobrevivido a su etapa inicial, Beorror ha crecido para soportar el peso de su cabeza. Su cuerpo, antes diminuto, ahora es masivo y cuadrado. Sus extremidades delanteras se han desarrollado desproporcionadamente, convirtiéndose en brazos gruesos y musculosos similares a los de un gorila, rematados por garras rosadas mucho más grandes y letales.","Having survived his initial stage, Beorror has grown to support the weight of his head. His body, once tiny, is now massive and square. His forelimbs have developed disproportionately, turning into thick, muscular arms similar to those of a gorilla, tipped with much larger and more lethal pink claws.",301,2,2,,,,
72,,Flimbo,"Flimbo es una criatura alegre y creativa que disfruta moverse, saltar y descubrir nuevas aventuras con sus amigos. Le encanta ayudar, compartir risas y aprender cosas nuevas cada día. Siempre busca crear un ambiente amable, donde todos se sientan valorados, tranquilos y llenos de confianza.","Flimbo is a cheerful and creative creature that enjoys moving, jumping, and discovering new adventures with friends. It loves helping others, sharing laughter, and learning something new every day. It always tries to create a kind environment where everyone feels valued, calm, and confident.",292,1,,,,2,
73,,Quaquer,"Quaquer es una criatura anfibia que recuerda a un patito de goma que cobró vida y bebió demasiadas bebidas energéticas. Su plumaje es de un azul eléctrico impermeable, con un pico y patas de un amarillo saturado. Tiene una cresta de espinas en la espalda que le da un aspecto punk, y sus grandes ojos con bordes rojizos miran fijamente sin parpadear, como si estuviera procesando información a mil por hora (o nada en absoluto).","Quaquer is an amphibious creature that resembles a rubber duck that came to life and drank too many energy drinks. His plumage is a waterproof electric blue, with a saturated yellow beak and legs. He has a crest of spines on his back that gives him a punk look, and his large red-rimmed eyes stare fixedly without blinking, as if he were processing information at a thousand miles per hour (or nothing at all).",410,2,2,,,,
74,,Twimel,"Twimel es una criatura dulce, creativa y muy cooperativa que representa la amistad y el equilibrio entre diferentes personalidades. Sus dos lados trabajan siempre juntos, compartiendo ideas, emociones y juegos. Le encanta crear momentos felices, probar nuevas actividades y ayudar a otros a sentirse incluidos. Twimel cree en la importancia de escuchar, respetar y apoyarse mutuamente, mostrando que las diferencias pueden convertirse en una gran fortaleza cuando hay confianza, paciencia y cariño.","Twimel is a sweet, creative, and very cooperative creature that represents friendship and balance between different personalities. Its two sides always work together, sharing ideas, feelings, and games. It loves creating happy moments, trying new activities, and helping others feel included. Twimel believes in listening, respecting, and supporting each other, showing that differences can become a great strength when there is trust, patience, and care.",455,3,,,1,,
75,,Luminel,"Luminel es un pequeño monstruo alegre con un solo ojo brillante que observa el mundo con curiosidad. Vive en cuevas luminosas y jardines secretos, donde recoge risas y sueños. Siempre está dispuesto a escuchar a los demás, dar consejos sinceros y animar a quien se siente triste. Su energía positiva llena de luz cualquier lugar al que llega.","Luminel is a small, cheerful monster with a single bright eye that observes the world with curiosity. He lives in glowing caves and secret gardens, where he collects laughter and dreams. He is always ready to listen to others, give sincere advice, and encourage anyone who feels sad. His positive energy fills every place he reaches with light.",344,1,,,,1,
76,,Verdufo,"Verdufo es un monstruo suave y simpático que vive en praderas húmedas y colinas verdes. Sus grandes ojos expresan ternura y curiosidad por todo lo que lo rodea. Le encanta observar las estrellas, escuchar historias y acompañar a sus amigos en aventuras tranquilas. Aunque parece tímido, siempre demuestra un gran valor y un corazón lleno de bondad.","Verdufo is a soft and friendly monster who lives in humid meadows and green hills. His big eyes express tenderness and curiosity about everything around him. He loves watching the stars, listening to stories, and accompanying his friends on calm adventures. Although he seems shy, he always shows great courage and a heart full of kindness.",340,2,,,,3,
77,,Niivu,"Niivu es una pequeña bola de pelo de color azul pálido, casi blanco, adaptada para camuflarse en la nieve. Sus enormes ojos marrones siempre parecen llorosos y asustados, reflejando su naturaleza tímida e inocente. Sus marcas son suaves y apenas visibles, y su pequeño collar marrón es un indicio de la protección que busca.","Niivu is a small ball of pale blue fur, almost white, adapted to camouflage in the snow. His huge brown eyes always seem teary and frightened, reflecting his shy and innocent nature. His markings are soft and barely visible, and his small brown collar is a hint of the protection he seeks.",289,1,,1,,,
78,,Nivaru,"Nivaru es un monstruo dulce y curioso que habita en montañas nevadas y bosques silenciosos. Su pelaje suave brilla bajo la luz de la luna, y sus grandes ojos reflejan sabiduría y ternura. Le encanta explorar senderos ocultos, cuidar a sus amigos y guardar historias antiguas. Aunque es tranquilo, posee una fuerza interior que lo convierte en un fiel protector.","Nivaru is a sweet and curious monster who lives in snowy mountains and silent forests. His soft fur shines under the moonlight, and his big eyes reflect wisdom and tenderness. He loves exploring hidden paths, taking care of his friends, and keeping ancient stories. Although he is calm, he has an inner strength that makes him a loyal protector.",345,3,,3,,,
79,,Dulccino,"Dulcino es un monstruo alegre formado por dos espíritus dulces que viven unidos en un cono mágico. Representa la amistad, el equilibrio y la armonía. Le encanta compartir sonrisas, recorrer ferias encantadas y regalar momentos felices. Siempre trabaja en equipo consigo mismo y con los demás, demostrando que la unión y la ternura pueden crear verdadera magia.","Dulcino is a cheerful monster made up of two sweet spirits that live together in a magical cone. He represents friendship, balance, and harmony. He loves sharing smiles, wandering through enchanted fairs, and giving happy moments. He always works as a team with himself and with others, showing that unity and tenderness can create true magic.",343,3,,,1,,
80,,Trivlo,"Trivlo es una criatura amable, tranquila y muy observadora que disfruta explorar el mundo con curiosidad y respeto. Le encanta escuchar historias, aprender de los demás y compartir momentos llenos de alegría. Siempre busca crear un ambiente seguro donde todos se sientan valorados, apoyados y comprendidos. Trivlo cree en la amistad, la paciencia y el trabajo en equipo, y le gusta ayudar a resolver pequeños problemas con calma y creatividad.","Trivlo is a kind, calm, and very observant creature that enjoys exploring the world with curiosity and respect. It loves listening to stories, learning from others, and sharing joyful moments. It always tries to create a safe space where everyone feels valued, supported, and understood. Trivlo believes in friendship, patience, and teamwork, and enjoys solving small problems with calmness and creativity.",406,1,,1,,,
81,,Polymo,"Polymo es una criatura tranquila, amable y muy sensible a las emociones de quienes lo rodean. Gracias a sus muchos ojos, puede observar pequeños detalles y comprender cómo se sienten los demás sin necesidad de palabras. Le encanta pasar tiempo en lugares tranquilos, escuchar música suave y compartir historias positivas. Siempre intenta ayudar a sus amigos con paciencia, respeto y comprensión, creando un ambiente seguro donde todos pueden expresarse libremente y sentirse aceptados.","Polymo is a calm, kind, and emotionally sensitive creature that easily understands how others feel. With its many eyes, it notices small details and reads emotions without needing words. It loves spending time in peaceful places, listening to soft music, and sharing positive stories. Polymo always helps friends with patience, respect, and empathy, creating a safe space where everyone can express themselves freely and feel accepted.",435,2,,2,,,
82,,Celunox,"Celunox es un monstruo valiente y divertido que vuela por los cielos nocturnos guiado por la luz de la luna. Sus alas doradas iluminan el camino de los viajeros perdidos, mientras su risa contagiosa llena el aire de esperanza. Le encanta vivir aventuras, proteger a sus amigos y demostrar que la alegría y el coraje pueden vencer cualquier oscuridad.","Celunox is a brave and fun monster who flies through the night skies guided by the light of the moon. His golden wings light the way for lost travelers, while his contagious laughter fills the air with hope. He loves living adventures, protecting his friends, and showing that joy and courage can overcome any darkness.",319,1,,,2,,
83,,Velmii,"Velmii es una criatura curiosa, expresiva y llena de imaginación que disfruta explorar su entorno con confianza y creatividad. Le encanta aprender nuevas formas de comunicarse, compartir ideas y apoyar a sus amigos cuando lo necesitan. Aunque a veces parece pensativa, siempre está dispuesta a escuchar y comprender diferentes puntos de vista. Velmii valora la honestidad, el respeto y la cooperación, y cree que cada persona tiene algo especial que ofrecer. Su presencia transmite seguridad, empatía y alegría tranquila.","Velmii is a curious, expressive, and imaginative creature that enjoys exploring its surroundings with confidence and creativity. It loves learning new ways to communicate, sharing ideas, and supporting friends whenever they need help. Even when it seems thoughtful, it is always ready to listen and understand different perspectives. Velmii values honesty, respect, and cooperation, and believes everyone has something special to offer. Its presence brings calm joy, empathy, and a sense of safety.",498,2,3,,,,
84,,Didoff,"Didoff es un bichito pequeño y vivaz, siempre atento a lo que ocurre a su alrededor. Su expresión pensativa le da un encanto especial, como si estuviera ideando su próxima travesura inocente. Sus colores cálidos y su forma redondeada lo hacen ver amistoso, curioso y fácil de querer.","Didoff is a small, lively creature with a naturally curious spirit. Its thoughtful expression makes it look like it’s always dreaming up ideas or playful mischief. Warm colors and a rounded shape give it a friendly, approachable charm.",457,3,,,3,,
85,,Recrami,"RecRami es una criatura rojiza y regordeta con grandes orejas circulares en forma de espiral. Sus enormes ojos negros reflejan timidez y curiosidad. Emite pequeños suspiros que suenan como burbujas explotando.
Es muy tímido y suele esconderse cuando alguien se acerca, pero si ganas su confianza, te seguirá a todas partes con sus patitas torpes. Le encanta coleccionar objetos brillantes que guarda en su pequeña boca.","RecRami is a reddish and chubby creature with large circular ears shaped like spirals. Its huge black eyes reflect shyness and curiosity. It emits small sighs that sound like bubbles popping.
It is very shy and usually hides when someone approaches, but if you gain its trust, it will follow you everywhere with its clumsy little legs. It loves collecting shiny objects that it keeps in its small mouth.",320,2,,,,,2
86,,Aeliro,"Aeliro es una criatura alegre, curiosa y llena de energía positiva que disfruta volar suavemente entre nubes, árboles y sueños. Le encanta conocer nuevos amigos, aprender sobre diferentes lugares y compartir momentos felices. Siempre muestra respeto por la naturaleza y por quienes lo rodean, ayudando a crear un ambiente tranquilo y seguro. Aeliro cree en la cooperación, la amabilidad y la imaginación, y usa su creatividad para resolver pequeños retos con paciencia y optimismo.","Aeliro is a joyful, curious, and positive creature that loves flying gently among clouds, trees, and dreams. It enjoys meeting new friends, learning about different places, and sharing happy moments. It always shows respect for nature and others, helping to create a calm and safe environment. Aeliro believes in cooperation, kindness, and imagination, using creativity to solve small challenges with patience and optimism.",423,2,,,,2,
87,,Purmo,"Purmo es una criatura tranquila, amable y muy atenta que disfruta observar el mundo con curiosidad y respeto. Gracias a sus tres ojos, puede notar pequeños detalles y comprender mejor a quienes lo rodean. Le encanta escuchar historias, aprender cosas nuevas y compartir momentos relajados con sus amigos. Siempre intenta mantener un ambiente positivo donde todos se sientan seguros, valorados y escuchados. Purmo cree en la paciencia, la cooperación y la importancia de ser amable consigo mismo y con los demás.","Purmo is a calm, kind, and thoughtful creature that enjoys observing the world with curiosity and respect. Thanks to its three eyes, it notices small details and understands others better. It loves listening to stories, learning new things, and sharing relaxed moments with friends. Purmo always tries to keep a positive environment where everyone feels safe, valued, and heard. It believes in patience, cooperation, and the importance of being kind to oneself and others.",472,1,,,,,1
88,,Plurbi,"Plurbi es una criatura alegre, expresiva y muy sociable que disfruta compartir momentos divertidos con quienes lo rodean. Gracias a su energía positiva, logra animar a sus amigos incluso en los días más tranquilos. Le encanta contar historias, inventar juegos y aprender nuevas habilidades. Plurbi cree en la importancia de la amistad, la cooperación y el respeto, y siempre busca crear un ambiente donde todos se sientan incluidos, valorados y felices. Su risa contagiosa transmite confianza, optimismo y calidez.","Plurbi is a cheerful, expressive, and very social creature that loves sharing fun moments with those around it. Thanks to its positive energy, it can lift its friends’ spirits even on quiet days. It enjoys telling stories, creating games, and learning new skills. Plurbi believes in friendship, cooperation, and respect, and always tries to build an environment where everyone feels included, valued, and happy. Its contagious laughter brings warmth, optimism, and confidence.",476,2,,,,,2
89,,Mixolynx,"Mixolynx es la contraparte nocturna y misteriosa de Chefairy. Su pelaje es de un color violeta oscuro, ideal para camuflarse en las sombras, contrastado por un lujoso collar de pelaje color ámbar o mandarina. Mientras que Chefairy lleva agua o leche dulce, Mixolynx siempre sostiene un vaso con un líquido anaranjado burbujeante y ácido. Su mirada es más astuta y analítica.","Mixolynx is the nocturnal and mysterious counterpart to Chefairy. Its fur is a deep violet color, ideal for camouflaging in the shadows, contrasted by a luxurious amber or tangerine-colored fur collar. While Chefairy carries water or sweet milk, Mixolynx always holds a glass with a bubbling, acidic orange liquid. Its gaze is more astute and analytical.",354,1,,,2,,
90,,Hantix,"Hantix vivía en una cueva luminosa al borde del Valle Chispeante. Tenía tres ojos rojos que lo ayudaban a ver el pasado, el presente y… casi siempre el futuro. Una mañana, uno de sus ojos empezó a parpadear sin parar. ¡Algo andaba mal!
Hantix salió corriendo y descubrió que los colores del valle estaban desapareciendo. Con un gruñido valiente, concentró sus tres miradas y lanzó un rayo dorado que devolvió la luz al lugar.
Desde ese día, el valle supo que siempre estaría protegido.","Hantix lived in a luminous cave on the edge of Sparkling Valley. He had three red eyes that helped him see the past, the present, and… almost always the future. One morning, one of his eyes began to blink incessantly. Something was wrong! Hantix ran outside and discovered that the valley's colors were fading. With a brave growl, he focused all three of his eyes and unleashed a golden beam that restored light to the valley. From that day on, the valley knew it would always be protected.",490,3,,3,,,
91,,Roddix,"Roddix es un monstruo naranja brillante formado por tres cabezas cuadradas unidas por antenas retorcidas. Cada cabeza tiene su propio carácter, y aunque discuten constantemente, siempre acaban riendo juntas.
Es increíblemente inquieto y le encanta gastar bromas inocentes a quien se cruce en su camino. Aunque su naturaleza traviesa puede resultar abrumadora, jamás tiene malas intenciones. Su energía desbordante transforma cualquier lugar aburrido en pura diversión.","Roddix is a bright orange monster made up of three square heads connected by twisted antennas. Each head has its own personality, and although they constantly argue, they always end up laughing together.
He is incredibly restless and loves playing innocent pranks on anyone who crosses his path. Although his mischievous nature can be overwhelming, he never has bad intentions. His overflowing energy transforms any boring place into pure fun.",390,2,2,,,,
92,,Kittchu,"Kittchu vive entre arbustos rojos y colinas azules, donde todo olía a aventura. Aunque parecía tranquilo, tenía una cola poderosa que usaba para saltar enormes distancias.
Un día, escuchó un chillido lejano: una luciérnaga gigante había quedado atrapada entre rocas. Kittchu no dudó. Cavó con sus patitas, empujó con la cola y logró liberarla. La luciérnaga iluminó el cielo en agradecimiento, pintándolo de rojo y azul.
Desde entonces, todos supieron que Kittchu, aunque pequeño, tenía un corazón enorme.","Kittchu lives among red bushes and blue hills, where everything smelled of adventure. Although he seemed calm, he had a powerful tail that he used to jump enormous distances.
One day, he heard a distant chirp: a giant firefly had become trapped between rocks. Kittchu didn't hesitate. He dug with his little paws, pushed with his tail, and managed to free it. The firefly lit up the sky in gratitude, painting it red and blue.
From then on, everyone knew that Kittchu, though small, had a huge heart.",500,3,,,3,,
93,,Devilin,"Devilin era pequeño, travieso y siempre lllevaba una sonrisa pícara. Vivía en cuevas de cristal rojo, donde las sombras bailaban con la luz de las llamas. Aunque sus cuernos asustaban a algunos, sus alas brillantes delataban un corazon puro. 
Una noche, vio a un viajero perdido entre la niebla oscura. Podría haberle jugado una broma, pero en lugar de eso, usó el brillo de sus alas para iluminarle el camino hasta un refugio seguro. El viajero nunca olvidó al pequeño con sus cuernos que lo salvó.
Desde entonces, todos supieron que Devilin, aunque pareciera un diablillo, tenia un alma noble.","Devilin was small, mischievous, and always wore a playful smile. He lived in caves of red crystal, where shadows danced with the light of flames. Although his horns scared some, his bright wings revealed a pure heart.
One night, he saw a traveler lost in thick darkness. He could have played a prank on them, but instead, he used the glow of his wings to light their way to a safe shelter. The traveler never forgot the little horned creature who saved them.
Since then, everyone knew that Devilin, although he seemed like a little devil, had a noble soul.",489,2,,,,,2
94,,Rocter,"Rocter vive en nidos de ramas doradas, bajo el cielos que cambiaban de color al amanecer. Aunque apenas podia volar, sus saltos eran tan altos que que parecía flotar. 
Una mañana, encontró un huevo perdido rodando hacia un precipicio. Rocter corrió con sus patitas, aleteó con todas sus fuerzas y logró detenerlo justo a tiempo. Del huevo nació otro pequeño como él, que lo miró como a un héroe. 
Desde entonces, todos supieron que Rocter, aunque torpe al volar, tenía el coraje de un gran guardián.","Rocter lives in nests of golden branches, under skies that changed colors at dawn. Although he could barely fly, his jumps were so high that he seemed to float. 
One morning, he found a lost egg rolling toward a cliff. Rocter ran with his little legs, flapped with all his strength, and managed to stop it just in time. From the egg hatched another small one like him, who looked at him as a hero.
Since then, everyone knew that Rocter, though clumsy at flying, had the courage of a great guardian.",498,2,,2,,,
95,,Puccina,"Puccina es una criaturita tranquila y observadora, siempre moviéndose con pasos suaves y mirada curiosa. Su forma redondeada y su expresión calmada le dan un aire tierno y algo tímido. Le encanta quedarse cerca de quienes le inspiran confianza, absorbiendo cada detalle a su alrededor.","Puccina is a gentle, observant little creature with a soft, rounded shape and bright, curious eyes. It tends to move quietly, taking in everything around it with calm interest. Its shy nature gives it a sweet, approachable charm.",229,1,,,,1,
96,,Puccia,"Puccia, ya evolucionado, muestra mucha más energía y expresividad, moviéndose con entusiasmo y saludando sin miedo. Sus ojos brillan con determinación, como si estuviera listo para cualquier aventura. Mantiene su dulzura, pero ahora con un toque de valentía que lo hace destacar.","Puccia, now evolved, shows much more confidence and liveliness, greeting the world with expressive energy. Its eyes shine with excitement, ready for new experiences and friendly encounters. It keeps its gentle heart, but now with a bold spark that makes it stand out.",267,2,,,,2,
97,,Kiro,"Kiro es una criaturita alegre con un aire acuático que transmite calma y simpatía. Su sonrisa suave y sus rasgos redondeados le dan un encanto muy tierno. Allí donde aparece, aporta una sensación de frescura y tranquilidad juguetona.","Kiro is a cheerful little creature with a calm, watery vibe that makes it instantly endearing. Its gentle smile and soft features give it a peaceful, friendly presence. Wherever it goes, it brings a sense of lightness and playful serenity.",350,3,,,,3,
98,,Nublon,"Nublon es un monstruito alegre y saltarín que siempre parece estar en movimiento, como si cada paso fuera parte de un baile divertido. Su gran ojo curioso observa todo con entusiasmo, descubriendo el mundo con una mezcla de sorpresa y emoción. Con sus colores vivos y su energía juguetona, transmite una simpatía irresistible que lo convierte en un compañero encantador y lleno de vida.","Nublon is a cheerful, bouncy little monster who’s always moving as if every step were part of a playful dance. Its big, curious eye takes in the world with excitement, discovering everything with wonder. With its bright colors and lively energy, it gives off an irresistible charm that makes it a fun, lovable companion.",400,2,,,2,,
99,,Rekat,"ReKat es una criatura negra como la noche con largas patas de araña y penetrantes ojos verdes que brillan en la oscuridad. Lleva un extraño sombrero redondo en lo alto de su cabeza que nunca se cae, sin importar cuán rápido se mueva.
Es sigiloso y elegante, deslizándose en silencio por paredes y techos. Aunque su apariencia inquieta a muchos, es simplemente curioso y observador. Le fascina vigilar a otros desde las sombras, apareciendo y desapareciendo sin hacer ruido. Cuando está contento, sus ojos verdes parpadean suavemente.","ReKat is a creature as black as night with long spider legs and piercing green eyes that glow in the darkness. It wears a strange round hat on top of its head that never falls off, no matter how fast it moves.

It is stealthy and elegant, gliding silently across walls and ceilings. Although its appearance unsettles many, it is simply curious and observant. It loves watching others from the shadows, appearing and disappearing without a sound. When it's happy, its green eyes blink softly.",413,3,,3,,,
100,,Shinbat,"Shinbat es un murciélago pequeño y vivaz que revolotea con energía, mostrando unos ojos amarillos llenos de curiosidad, unas alas coloridas que lo acompañan en vuelos juguetones y un aire travieso pero dulce que lo convierte en una criaturita encantadora y muy fácil de querer.","Shinbat is a small, lively bat who flutters through the air with bright yellow eyes full of curiosity, colorful wings that guide its playful flights, and a mischievous yet gentle charm that makes it an irresistibly friendly little creature.",359,2,,,,,2